<?xml version="1.0" encoding="UTF-8"?>
<project-private xmlns="http://www.netbeans.org/ns/project-private/1">
    <editor-bookmarks xmlns="http://www.netbeans.org/ns/editor-bookmarks/2" lastBookmarkId="0"/>
    <open-files xmlns="http://www.netbeans.org/ns/projectui-open-files/2">
        <group>
            <file>file:/C:/Users/Ali/Desktop/session5/src/session5/Triangle.java</file>
            <file>file:/C:/Users/Ali/Desktop/session5/src/session5/Shape.java</file>
            <file>file:/C:/Users/Ali/Desktop/session5/src/session5/Session5.java</file>
            <file>file:/C:/Users/Ali/Desktop/session5/src/session5/Circle.java</file>
            <file>file:/C:/Users/Ali/Desktop/session5/src/session5/Paint.java</file>
            <file>file:/C:/Users/Ali/Desktop/session5/src/session5/Polygon.java</file>
            <file>file:/C:/Users/Ali/Desktop/session5/src/session5/Rectangle.java</file>
        </group>
    </open-files>
</project-private>
